[{"model": "videos.video", "pk": 1, "fields": {"title": "Avengers Trailer", "description": "", "slug": "avengers-trailer", "video_id": "TcMBFSGVi1c", "active": true, "timestamp": "2021-03-23T22:19:48.708Z", "updated": "2021-03-23T22:19:48.708Z", "state": "PU", "publish_timestamp": "2021-03-23T22:19:48.707Z"}}, {"model": "videos.video", "pk": 2, "fields": {"title": "Parks & Rec Trailer", "description": "", "slug": "parks-rec-trailer", "video_id": "eey-wOyTOJs", "active": true, "timestamp": "2021-03-23T22:20:31.060Z", "updated": "2021-03-23T22:20:31.060Z", "state": "PU", "publish_timestamp": "2021-03-23T22:20:31.060Z"}}, {"model": "videos.video", "pk": 3, "fields": {"title": "The Office Trailer", "description": "", "slug": "the-office-trailer", "video_id": "gO8N3L_aERg", "active": true, "timestamp": "2021-03-23T22:20:56.215Z", "updated": "2021-03-23T22:20:56.215Z", "state": "PU", "publish_timestamp": "2021-03-23T22:20:56.215Z"}}, {"model": "playlists.playlist", "pk": 1, "fields": {"parent": null, "category": null, "order": 1, "title": "Avengers", "type": "MOV", "description": "", "slug": "avengers", "video": 1, "active": true, "timestamp": "2021-03-23T22:21:10.168Z", "updated": "2021-03-23T22:21:10.168Z", "state": "PU", "publish_timestamp": "2021-03-23T22:21:10.167Z"}}, {"model": "playlists.playlist", "pk": 2, "fields": {"parent": null, "category": null, "order": 1, "title": "The Office", "type": "TVS", "description": "", "slug": "the-office", "video": null, "active": true, "timestamp": "2021-03-23T22:21:41.835Z", "updated": "2021-03-23T22:22:12.169Z", "state": "PU", "publish_timestamp": "2021-03-23T22:21:41.834Z"}}, {"model": "playlists.playlist", "pk": 3, "fields": {"parent": 2, "category": null, "order": 1, "title": "Season 1", "type": "SEA", "description": "", "slug": "season-1", "video": null, "active": true, "timestamp": "2021-03-23T22:21:41.839Z", "updated": "2021-03-23T22:22:43.533Z", "state": "PU", "publish_timestamp": "2021-03-23T22:22:12Z"}}, {"model": "playlists.playlist", "pk": 4, "fields": {"parent": 2, "category": null, "order": 2, "title": "Season 2", "type": "SEA", "description": "", "slug": "season-2", "video": null, "active": true, "timestamp": "2021-03-23T22:21:41.840Z", "updated": "2021-03-23T22:22:56.769Z", "state": "PU", "publish_timestamp": "2021-03-23T22:22:12Z"}}, {"model": "playlists.playlist", "pk": 5, "fields": {"parent": null, "category": null, "order": 1, "title": "Parks & Rec", "type": "TVS", "description": "", "slug": "parks-rec", "video": null, "active": true, "timestamp": "2021-03-23T22:22:06.370Z", "updated": "2021-03-23T22:22:06.370Z", "state": "PU", "publish_timestamp": "2021-03-23T22:22:06.369Z"}}, {"model": "playlists.playlist", "pk": 6, "fields": {"parent": 5, "category": null, "order": 1, "title": "Season 1", "type": "SEA", "description": "", "slug": "season-1", "video": null, "active": true, "timestamp": "2021-03-23T22:22:06.373Z", "updated": "2021-03-23T22:23:14.212Z", "state": "PU", "publish_timestamp": "2021-03-23T22:22:06Z"}}, {"model": "playlists.playlist", "pk": 7, "fields": {"parent": 5, "category": null, "order": 2, "title": "Season 2", "type": "SEA", "description": "", "slug": "season-2", "video": null, "active": true, "timestamp": "2021-03-23T22:22:06.374Z", "updated": "2021-03-23T22:23:27.521Z", "state": "PU", "publish_timestamp": "2021-03-23T22:22:06Z"}}, {"model": "playlists.playlistitem", "pk": 1, "fields": {"playlist": 3, "video": 1, "order": 1, "timestamp": "2021-03-23T22:22:43.546Z"}}, {"model": "playlists.playlistitem", "pk": 2, "fields": {"playlist": 3, "video": 2, "order": 2, "timestamp": "2021-03-23T22:22:43.547Z"}}, {"model": "playlists.playlistitem", "pk": 3, "fields": {"playlist": 3, "video": 3, "order": 3, "timestamp": "2021-03-23T22:22:43.547Z"}}, {"model": "playlists.playlistitem", "pk": 4, "fields": {"playlist": 4, "video": 1, "order": 1, "timestamp": "2021-03-23T22:22:56.770Z"}}, {"model": "playlists.playlistitem", "pk": 5, "fields": {"playlist": 4, "video": 2, "order": 2, "timestamp": "2021-03-23T22:22:56.770Z"}}, {"model": "playlists.playlistitem", "pk": 6, "fields": {"playlist": 4, "video": 3, "order": 3, "timestamp": "2021-03-23T22:22:56.770Z"}}, {"model": "playlists.playlistitem", "pk": 7, "fields": {"playlist": 6, "video": 1, "order": 1, "timestamp": "2021-03-23T22:23:14.213Z"}}, {"model": "playlists.playlistitem", "pk": 8, "fields": {"playlist": 6, "video": 2, "order": 2, "timestamp": "2021-03-23T22:23:14.214Z"}}, {"model": "playlists.playlistitem", "pk": 9, "fields": {"playlist": 6, "video": 3, "order": 3, "timestamp": "2021-03-23T22:23:14.214Z"}}, {"model": "playlists.playlistitem", "pk": 10, "fields": {"playlist": 7, "video": 1, "order": 1, "timestamp": "2021-03-23T22:23:27.522Z"}}, {"model": "playlists.playlistitem", "pk": 11, "fields": {"playlist": 7, "video": 2, "order": 2, "timestamp": "2021-03-23T22:23:27.523Z"}}, {"model": "playlists.playlistitem", "pk": 12, "fields": {"playlist": 7, "video": 3, "order": 3, "timestamp": "2021-03-23T22:23:27.523Z"}}, {"model": "auth.user", "pk": 1, "fields": {"password": "pbkdf2_sha256$260000$NIAgO1c0RHHQ6YqAIgsFhf$Y/sHdPgxlBQsBLoF5L1/hu0AK3xXi9Fci53H+/iXUIk=", "last_login": "2021-03-23T22:19:16.520Z", "is_superuser": true, "username": "cfe", "first_name": "", "last_name": "", "email": "", "is_staff": true, "is_active": true, "date_joined": "2021-03-23T22:18:54.511Z", "groups": [], "user_permissions": []}}]